title,views,date_time,video_link,thumbnail_link
"I went to the House of a Zomato Software Engineer | Roadmap, Salary, Hiring, Insights, Perks etc.",13K views,4 days ago,/watch?v=1WCuuJYvPFc&pp=0gcJCb8Ag7Wk3p_U,/watch?v=1WCuuJYvPFc&pp=0gcJCb8Ag7Wk3p_U
Three 90 Challenge: Ending on 31st March!,8.6K views,6 days ago,/watch?v=j_qF5z5jazY&pp=0gcJCb8Ag7Wk3p_U,/watch?v=j_qF5z5jazY&pp=0gcJCb8Ag7Wk3p_U
GSoC 2025 | Everything You Need to Know,30K views,13 days ago,/watch?v=4U8t0WUQGps,/watch?v=4U8t0WUQGps
Why can't Gen Z get a job?,1.7K views,2 weeks ago,/watch?v=JZo33ruBBDA,/watch?v=JZo33ruBBDA
Prompts to 10x Your Coding Journey üöÄ,3K views,2 weeks ago,/watch?v=N2FP3BbyrqY,/watch?v=N2FP3BbyrqY
Binary Trees Explained in 4 Minutes!,2.6K views,3 weeks ago,/watch?v=Um_sAan1LO4,/watch?v=Um_sAan1LO4
Dynamic Programming Explained in 6 Minutes,4.9K views,1 month ago,/watch?v=ByIhiLNbahY,/watch?v=ByIhiLNbahY
I went to IIT Delhi to meet Gate AIR 20 | Crack GATE with GeeksforGeeks!,2K views,1 month ago,/watch?v=ZSan8vrbWfw,/watch?v=ZSan8vrbWfw
Struggling with GATE? We can help boost your rank!,1K views,1 month ago,/watch?v=xgHQyBP9gDM,/watch?v=xgHQyBP9gDM
What do Software Engineers Really Do? | Are software engineering jobs really for you?,10K views,1 month ago,/watch?v=rg7B6QH7RZA,/watch?v=rg7B6QH7RZA
Get 55+ Marks Easily in GATE CS 2026 using this strategy,37K views,2 months ago,/watch?v=hc4_PWFFJnk,/watch?v=hc4_PWFFJnk
What is Machine Learning? | Lecture 1 | Free Video,4K views,2 months ago,/watch?v=1PtHLVsG_8s,/watch?v=1PtHLVsG_8s
A Day in the Life at IIT: Struggles & Successes üéì || Meet Apoorva GATE AIR 20,7.1K views,2 months ago,/watch?v=Ioj_XA-_jIY,/watch?v=Ioj_XA-_jIY
DSA was hard until i learned these 10 Patterns | Master DSA Now,17K views,2 months ago,/watch?v=aWjFPloGYmg,/watch?v=aWjFPloGYmg
You're missing out by not starting the Three 90 Challenge!,443K views,2 months ago,/watch?v=Tcmo0fSCAJQ,/watch?v=Tcmo0fSCAJQ
Which Programming Language should you learn in 2025 ? | *Free Resources Inside*,1.9K views,2 months ago,/watch?v=qduULN56XGk,/watch?v=qduULN56XGk
Your next 90 Days with Three 90 Challenge! | GeeksforGeeks,37K views,2 months ago,/watch?v=SKAfmFZrODc,/watch?v=SKAfmFZrODc
How to Crack Gate CSE Exam in Just 30 Days ? | Ultimate Roadmap | @GfG_GATE,1.4K views,2 months ago,/watch?v=p-ZRBDab5is,/watch?v=p-ZRBDab5is
Three 90 Challenge Winners | GeeksforGeeks,635 views,2 months ago,/watch?v=-tdb0AghaSU,/watch?v=-tdb0AghaSU
Three 90 Challenge Winners | GeeksforGeeks,586 views,2 months ago,/watch?v=LFxU2PSFMkQ&pp=0gcJCb8Ag7Wk3p_U,/watch?v=LFxU2PSFMkQ&pp=0gcJCb8Ag7Wk3p_U
Three 90 Challenge by GeeksforGeeks | Commonly Asked Questions | FAQs,844 views,2 months ago,/watch?v=sb3a4JmUVPc,/watch?v=sb3a4JmUVPc
Three 90 Challenge Winners | GeeksforGeeks,1.2K views,2 months ago,/watch?v=rxDSGn5OA7c,/watch?v=rxDSGn5OA7c
Three 90 Challenge Winners | Real Stories | GeeksforGeeks,3.2K views,2 months ago,/watch?v=9-EHruhI6g0,/watch?v=9-EHruhI6g0
Ready to take on the challenge? | 90% Refund Challenge by GeeksforGeeks,193K views,2 months ago,/watch?v=B05KjM_OLTA,/watch?v=B05KjM_OLTA
"I went to the House of a Microsoft Software Engineer | Resume Revealed |SDE Roadmap, Salary, Perks",5.4K views,2 months ago,/watch?v=nQ-dpHJPS2c,/watch?v=nQ-dpHJPS2c
The Only Cyber Security Roadmap you need for 2025 |,11K views,3 months ago,/watch?v=0CMNIpd-s_c,/watch?v=0CMNIpd-s_c
GeeksforGeeks is going to rock the world of Education with this move!,1.8K views,3 months ago,/watch?v=Na5zVw3g9So,/watch?v=Na5zVw3g9So
How to get a job in MAANG as a College Student ? | Tips and Hacks | Roadmap,5.3K views,3 months ago,/watch?v=dE-MlQnCT78,/watch?v=dE-MlQnCT78
Get your Dream Internship in the First Year of College | Step by Step Guide,1K views,3 months ago,/watch?v=89A8dNvjLYw&pp=0gcJCb8Ag7Wk3p_U,/watch?v=89A8dNvjLYw&pp=0gcJCb8Ag7Wk3p_U
GfG Practice Channel Now Home to GfG 160 Challenge New Videos!,942 views,3 months ago,/watch?v=_l2tH4saDl4,/watch?v=_l2tH4saDl4
GfG 160 | Day- 42 | Pair with given sum - 2Sum | 160 Days Daily DSA Problem Solving | GeeksforGeeks,799 views,3 months ago,/watch?v=gkps-WFPHYI,/watch?v=gkps-WFPHYI
These 7 AI Projects will give you an UNFAIR Advantage  | Get Placed,1.4K views,3 months ago,/watch?v=cm1oKGS3mP4,/watch?v=cm1oKGS3mP4
GfG 160 | Day- 41 | Set Matrix Zeroes | 160 Days Daily DSA Problem Solving | GeeksforGeeks,596 views,3 months ago,/watch?v=rOcXfIP3vps,/watch?v=rOcXfIP3vps
GfG 160 | Day- 40 | Search in a Sorted Matrix | 160 Days Daily DSA Problem Solving | GeeksforGeeks,595 views,3 months ago,/watch?v=maEcp5OXLgg,/watch?v=maEcp5OXLgg
FREE GATE Test Series 2025 by GeeksforGeeks,3K views,3 months ago,/watch?v=au6Ui7tnPxI,/watch?v=au6Ui7tnPxI
GfG 160 | Day- 39 | Search in a row-wise sorted | 160 Days Daily DSA Problem Solving | GeeksforGeeks,538 views,3 months ago,/watch?v=ln6LYCHeris,/watch?v=ln6LYCHeris
GfG 160 | Day- 38 | Search in a Row-wise and Column-wise Sorted | 160 Days Daily DSA Problem Solving,584 views,3 months ago,/watch?v=aZdTzG-OmLU,/watch?v=aZdTzG-OmLU
GfG 160 | Day- 37 | Rotate Matrix | 160 Days Daily DSA Problem Solving | GeeksforGeeks,631 views,3 months ago,/watch?v=RUQF765u8CY,/watch?v=RUQF765u8CY
GfG 160 | Day- 36 | Spiral Traversal | 160 Days Daily DSA Problem Solving | GeeksforGeeks,603 views,3 months ago,/watch?v=vI67TeaN6bg,/watch?v=vI67TeaN6bg
Fastest way to become a AI Engineer in 2025 | *Free Resources Inside*,2K views,3 months ago,/watch?v=kAiqXF3TyVg,/watch?v=kAiqXF3TyVg
GfG 160 | Day- 35 | Kth Missing Positive Number | 160 Days Daily DSA Problem Solving | GeeksforGeeks,679 views,3 months ago,/watch?v=Z2UNcqPXOPc,/watch?v=Z2UNcqPXOPc
GeeksforGeeks Classes- Now in Hyderabad!,222K views,3 months ago,/watch?v=fvPrYPgDONY,/watch?v=fvPrYPgDONY
GfG 160 | Day- 34 | Allocate Minimum Pages | 160 Days Daily DSA Problem Solving | GeeksforGeeks,619 views,3 months ago,/watch?v=POVcprzEWq4,/watch?v=POVcprzEWq4
GfG 160 | Day- 33 | Aggressive Cows | 160 Days Daily DSA Problem Solving | GeeksforGeeks,701 views,3 months ago,/watch?v=xUBzyf-EixQ,/watch?v=xUBzyf-EixQ
GfG 160 | Day- 32 | K-th Element of Merged Two Sorted Arrays | 160 Days Daily DSA Problem Solving,747 views,3 months ago,/watch?v=xgXJ0t_B_24,/watch?v=xgXJ0t_B_24
GfG 160 | Day- 31 | Peak Element | 160 Days Daily DSA Problem Solving | GeeksforGeeks,622 views,3 months ago,/watch?v=AqV-_bIyH30,/watch?v=AqV-_bIyH30
GfG 160 | Day- 30 | Search in a Sorted and Rotated Array | 160 Days Daily DSA Problem Solving | GfG,692 views,3 months ago,/watch?v=tCZb576NK7k,/watch?v=tCZb576NK7k
GfG 160 | Day- 29 | Minimum in a Sorted and Rotated Array | 160 Days Daily DSA Problem Solving | GfG,619 views,3 months ago,/watch?v=EtX8zY-DPdE,/watch?v=EtX8zY-DPdE
GfG 160 | Day- 28 | Count Occurrences in a Sorted Array | 160 Days Daily DSA Problem Solving | GfG,597 views,3 months ago,/watch?v=CofV2PsroxI,/watch?v=CofV2PsroxI
GfG 160 | Day- 27 | Merge Two Sorted Arrays Without Extra Space | 160 Days Daily DSA Problem Solving,734 views,3 months ago,/watch?v=CtmkAKGVI10,/watch?v=CtmkAKGVI10
GfG 160 | Day- 26 | Non-overlapping Intervals | 160 Days Daily DSA Problem Solving | GeeksforGeeks,912 views,3 months ago,/watch?v=-45THxt4sE8,/watch?v=-45THxt4sE8
GfG 160 | Day- 25 | Insert and Merge Interval | 160 Days Daily DSA Problem Solving | GeeksforGeeks,618 views,3 months ago,/watch?v=9pN0jPYvJcM,/watch?v=9pN0jPYvJcM
GfG 160 | Day- 24 | Merge Overlapping Intervals | 160 Days Daily DSA Problem Solving | GeeksforGeeks,686 views,3 months ago,/watch?v=NgqBuVrtB9U&pp=0gcJCb8Ag7Wk3p_U,/watch?v=NgqBuVrtB9U&pp=0gcJCb8Ag7Wk3p_U
GfG 160 | Day - 23 | Count Inversions | 160 Days Daily DSA Problem Solving | GeeksforGeeks,832 views,3 months ago,/watch?v=XhWxlh1ObDc&pp=0gcJCb8Ag7Wk3p_U,/watch?v=XhWxlh1ObDc&pp=0gcJCb8Ag7Wk3p_U
GfG 160 | Day - 22 | H-Index | 160 Days Daily DSA Problem Solving | GeeksforGeeks,925 views,3 months ago,/watch?v=9fA8Pg4Q2QI&pp=0gcJCb8Ag7Wk3p_U,/watch?v=9fA8Pg4Q2QI&pp=0gcJCb8Ag7Wk3p_U
Tech Hiring in 2025: Complete Career Guide by Bain & Company Director,695 views,3 months ago,/watch?v=bVQCe5l_cZw,/watch?v=bVQCe5l_cZw
"GfG 160 | Day - 21 | Sort an array of 0s, 1s and 2s | 160 Days Daily DSA Problem Solving | GfG",740 views,3 months ago,/watch?v=A-ytmX7bXE4,/watch?v=A-ytmX7bXE4
GfG 160 | FAQs Video | 160 Days Daily DSA Problem Solving,1.4K views,3 months ago,/watch?v=EQTzVinWQ_g,/watch?v=EQTzVinWQ_g
GfG 160 | Day - 20 | String Rotations of each other | 160 Days Daily DSA Problem Solving | GfG,693 views,3 months ago,/watch?v=UOLi02in9BE,/watch?v=UOLi02in9BE
GeeksforGeeks- A Global Coding Community,450 views,3 months ago,/watch?v=hqA1A9AUiWU,/watch?v=hqA1A9AUiWU
GfG 160 | Day - 19 | Min Chars to Add for Palindrome | 160 Days Daily DSA Problem Solving | GfG,858 views,3 months ago,/watch?v=Kl302p8FxS4&pp=0gcJCb8Ag7Wk3p_U,/watch?v=Kl302p8FxS4&pp=0gcJCb8Ag7Wk3p_U
GfG 160 | Day - 18 | KMP Algorithm for Pattern Searching | 160 Days Daily DSA Problem Solving | GfG,899 views,3 months ago,/watch?v=UUcec5qbfZI,/watch?v=UUcec5qbfZI
Introduction to Strings: 4-Hour Complete Video | DSA Series for Beginners,5.3K views,3 months ago,/watch?v=qdj6l7PaulA,/watch?v=qdj6l7PaulA
GfG 160 | Day - 17 | First Non-Repeating Character | 160 Days Daily DSA Problem Solving | GfG,673 views,3 months ago,/watch?v=NxnfmfScXBE,/watch?v=NxnfmfScXBE
GfG 160 | Day - 16 | Anagram Check | 160 Days Daily DSA Problem Solving | GeeksforGeeks,836 views,3 months ago,/watch?v=Tr3s_nuSGgM,/watch?v=Tr3s_nuSGgM
GfG 160 | Day - 15 | Add Two Binary Strings | 160 Days Daily DSA Problem Solving | GfG,1.1K views,4 months ago,/watch?v=WMmu8ktpF3k,/watch?v=WMmu8ktpF3k
"I went to the House of a Microsoft Software Engineer | Life at Microsoft |SDE Roadmap, Salary, Perks",17K views,4 months ago,/watch?v=vNVSlT0WgKk,/watch?v=vNVSlT0WgKk
GfG 160 | Day - 14 | String to Integer - Your Own atoi() | 160 Days Daily DSA Problem Solving | GfG,1.6K views,4 months ago,/watch?v=ne_Ki_sdRSk,/watch?v=ne_Ki_sdRSk
GfG 160 | Day - 13 | First Missing Positive | 160 Days Daily DSA Problem Solving | GeeksforGeeks,881 views,4 months ago,/watch?v=LGGKan4TOXM,/watch?v=LGGKan4TOXM
GfG 160 | Day - 12 | Maximum Sum Subarray in Circular | 160 Days Daily DSA Problem Solving | GfG,938 views,4 months ago,/watch?v=l7smKuFKnNU,/watch?v=l7smKuFKnNU
"How She Cracked Google, Microsoft and Goldman Sachs? | Inspirational Journey",4.5K views,4 months ago,/watch?v=EI_sa4mRuzY,/watch?v=EI_sa4mRuzY
GfG 160 | Day - 11 | Maximum Product Subarray | 160 Days Daily DSA Problem Solving | GeeksforGeeks,917 views,4 months ago,/watch?v=54ftU2BX32Q,/watch?v=54ftU2BX32Q
GfG 160 | Day - 10 | Maximum Sum Subarray | 160 Days Daily DSA Problem Solving | GeeksforGeeks,948 views,4 months ago,/watch?v=UtKnJyQmptY&pp=0gcJCb8Ag7Wk3p_U,/watch?v=UtKnJyQmptY&pp=0gcJCb8Ag7Wk3p_U
OFF CAMPUS Placement and Internship 2025 Calendar revealed | Which company hires when?,5.9K views,4 months ago,/watch?v=m1bMe7YBLfQ,/watch?v=m1bMe7YBLfQ
GfG 160 | Day - 9 | Minimize the Heights | 160 Days Daily DSA Problem Solving | GeeksforGeeks,1.2K views,4 months ago,/watch?v=FbwS1Uc1G5g,/watch?v=FbwS1Uc1G5g
GfG 160 | Day - 8 | Stock Buy and Sell (With One Limit) | 160 Days Daily DSA Problem Solving | GfG,1K views,4 months ago,/watch?v=SJ7nskvro4k,/watch?v=SJ7nskvro4k
Master Front End Development with this Roadmap | Free Doc Resource Inside,1.7K views,4 months ago,/watch?v=oerwFx6CZk4,/watch?v=oerwFx6CZk4
Winter Carnival Tickets are Live Now,555 views,4 months ago,/watch?v=k5fAC_ORuOg,/watch?v=k5fAC_ORuOg
GfG 160 | Day - 7 | Stock Buy and Sell (With No Limit) | 160 Days Daily DSA Problem Solving | GfG,1.4K views,4 months ago,/watch?v=ULd5mo-bCE4,/watch?v=ULd5mo-bCE4
GfG 160 | Day - 6 | Majority Element II | 160 Days Daily DSA Problem Solving | GeeksforGeeks,1.3K views,4 months ago,/watch?v=6Mfyfn1_4BY,/watch?v=6Mfyfn1_4BY
GfG 160 | Day - 5 | Next Permutation | 160 Days Daily DSA Problem Solving | GeeksforGeeks,2.1K views,4 months ago,/watch?v=GQdOXQKdtQM,/watch?v=GQdOXQKdtQM
GfG 160 | Day - 4 | Rotate an Array | 160 Days Daily DSA Problem Solving | GeeksforGeeks,2K views,4 months ago,/watch?v=5KzhdiOePOU,/watch?v=5KzhdiOePOU
GfG 160 | Day - 3 | Reverse an Array | 160 Days Daily DSA Problem Solving | GeeksforGeeks,2K views,4 months ago,/watch?v=gGtmacuQu-k,/watch?v=gGtmacuQu-k
Use AI Before it Uses you!! | Become a 10x Coder,1.4K views,4 months ago,/watch?v=tXU3YRu23kU,/watch?v=tXU3YRu23kU
GfG 160 | Day - 2 | Move all Zeros to End | 160 Days Daily DSA Problem Solving | GeeksforGeeks,2.7K views,4 months ago,/watch?v=Q2ynXrtGN8Y,/watch?v=Q2ynXrtGN8Y
GfG 160 | Day - 1 | Second Largest Element | 160 Days Daily DSA Problem Solving | GeeksforGeeks,7K views,4 months ago,/watch?v=JoNs4m0QCig,/watch?v=JoNs4m0QCig
GfG 160 | 160 Days Daily DSA Problem Solving | GeeksforGeeks,11K views,4 months ago,/watch?v=puDKP5_0Ol4,/watch?v=puDKP5_0Ol4
"From Tier 3 College to Qualcomm as a Software Developer | Resume , Mistakes , Projects , Interview",1.2K views,4 months ago,/watch?v=1TnVdzwbzJo,/watch?v=1TnVdzwbzJo
Why you will not get placed? | Save yourself Now,2.2K views,4 months ago,/watch?v=b-6rmk233DU,/watch?v=b-6rmk233DU
Y.O.G.I. | Your Own GeeksforGeeks Intelligence | Access to 7+ Features with GeeksforGeeks Premium,3K views,4 months ago,/watch?v=rfyhmQYEJKE,/watch?v=rfyhmQYEJKE
"GeeksforGeeks Offline Classes- Visit for Free Counselling | Now in Delhi/NCR, Bengaluru, Pune",1M views,4 months ago,/watch?v=hDfjzq9m5vI,/watch?v=hDfjzq9m5vI
Get Placed and make the Biggest Comeback of your Life | The Ultimate Roadmap,4.3K views,4 months ago,/watch?v=A7_iaBNOxSU,/watch?v=A7_iaBNOxSU
Get a Job as a Data Analyst before 2025 starts | *Free Resources Inside* | Complete Roadmap,3.5K views,5 months ago,/watch?v=FyHidTTNXJ8,/watch?v=FyHidTTNXJ8
How I would learn to code (if i could start over) | 18 LPA+ Package,2.1K views,5 months ago,/watch?v=Bq4TH-OhqY0&pp=0gcJCb8Ag7Wk3p_U,/watch?v=Bq4TH-OhqY0&pp=0gcJCb8Ag7Wk3p_U
Go Ad Free with GeeksforGeeks Premium | 0 Ads in all GeeksforGeeks Content | 100% Distraction free,3.8K views,5 months ago,/watch?v=DoXFPztXGyM,/watch?v=DoXFPztXGyM
"35+ Courses only with GeeksforGeeks Premium | DSA, Languages, Front-end, App Development & more!",57K views,5 months ago,/watch?v=UvNQUwuN9Ss,/watch?v=UvNQUwuN9Ss
GeeksforGeeks Premium | Explore All Features | Choose your Plan starting from INR 749,8.7K views,5 months ago,/watch?v=kBN7AZ0MRgI,/watch?v=kBN7AZ0MRgI
From Tier 3 College to working as a Senior SDE with 400% HIKE | Dream Job Diaries Podcast EP-2,1.4K views,5 months ago,/watch?v=lWrzQFqgTcY,/watch?v=lWrzQFqgTcY
Crack any companies Aptitude round with this Strategy | *Free Resources Inside*,9.2K views,5 months ago,/watch?v=loPvFZXUcNw,/watch?v=loPvFZXUcNw
Crack Off-Campus Placement before 2025 with this Strategy,4.6K views,5 months ago,/watch?v=rQs1n2ERSvk,/watch?v=rQs1n2ERSvk
"GeeksforGeeks Premium | 35+ Courses, Ad-Free Learning, A.I. Bot, Text Summarisation & more",57K views,5 months ago,/watch?v=P_ZxK9dTyeA,/watch?v=P_ZxK9dTyeA
Master Competitive Programming with this RoadMap | *Free Resources Inside*,7.4K views,5 months ago,/watch?v=lozDmn15zcw,/watch?v=lozDmn15zcw
These Projects give you an UNFAIR ADVANTAGE | Get Placed in 2024,6.1K views,5 months ago,/watch?v=KY73lTNeWzI,/watch?v=KY73lTNeWzI
"I went to the House of a Google Project Manager | Life at Google |Project Management Roadmap, Salary",625K views,6 months ago,/watch?v=cC8MjoYGedk,/watch?v=cC8MjoYGedk
Is the Tech Recession finally over? | Massive Tech Layoffs & Recession | How to get a job in 2024?,5.4K views,6 months ago,/watch?v=wolOoIsBnew&pp=0gcJCb8Ag7Wk3p_U,/watch?v=wolOoIsBnew&pp=0gcJCb8Ag7Wk3p_U
Master Software Testing & Automation | Career in Testing | GeeksforGeeks,1K views,6 months ago,/watch?v=b3uovZLWkVM,/watch?v=b3uovZLWkVM
üöÄ Please Watch this Video if you are a College Student | Get Placed in 2024,2.6K views,6 months ago,/watch?v=9Fx3wGat0Fg,/watch?v=9Fx3wGat0Fg
Python Fundamentals and its Applications with GeeksforGeeks,4.4K views,6 months ago,/watch?v=qzyTwGpDYog,/watch?v=qzyTwGpDYog
(Not Clickbait) Learn Recursion in just 300 seconds üòÆ | DSA Made Simple,1.5K views,6 months ago,/watch?v=Bi_rfJLf-jA,/watch?v=Bi_rfJLf-jA
From Tier 3 College to 20LPA Package ü§ë at Harman as a Senior Software Engineer | My Journey,5.5K views,6 months ago,/watch?v=cGPpUdaISGE,/watch?v=cGPpUdaISGE
How I Built an AirBnb Clone from Scratch | MERN Stack Project | GeeksforGeeks,9.3K views,6 months ago,/watch?v=koTBLYNq63I&pp=0gcJCb8Ag7Wk3p_U,/watch?v=koTBLYNq63I&pp=0gcJCb8Ag7Wk3p_U
"Master Web3 in 2024 (The Ultimate Roadmap) | Block Chain, Crypto Currency |",2K views,6 months ago,/watch?v=CKrM5ouILBg,/watch?v=CKrM5ouILBg
üöÄ Do This to Learn DSA and Get a Job | *Free Resources Inside* | The Ultimate DSA Roadmap üìö,4.8K views,6 months ago,/watch?v=VdLUuIeuXqM,/watch?v=VdLUuIeuXqM
"Sorting Algorithms Full Course | Bubble, Selection, Insertion Sort & More | DSA Free Videos Complete",9.9K views,6 months ago,/watch?v=IsBMyMch0gw&pp=0gcJCb8Ag7Wk3p_U,/watch?v=IsBMyMch0gw&pp=0gcJCb8Ag7Wk3p_U
"IIT Grads reveal TOP PLACEMENT SECRETS ü§Ø | Advice, Get Job in 2024, Salary, Roadmap, Life at IIT",12K views,6 months ago,/watch?v=HqqF_4yORKU,/watch?v=HqqF_4yORKU
I Went to the House of a Recent IIT BOMBAY Grad & AI Researcher at Sprinklr | House Invasion Ep-1üöÄ,17K views,7 months ago,/watch?v=xvBlkjtmvBc,/watch?v=xvBlkjtmvBc
Time and Space Complexity explained in literally 5 minutes | Big O | Concepts made simple ep -1,37K views,7 months ago,/watch?v=jOMxKsUd6e0,/watch?v=jOMxKsUd6e0
"JAVA Backend Live Classes | Master OOPs, Spring Boot & Practice with Projects | GeeksforGeeks",1M views,7 months ago,/watch?v=y5sN2D4Zkmo,/watch?v=y5sN2D4Zkmo
How to participate and win any Hackathon - A Complete Guide | What are Hackathons? | Top 5 Hackathon,4.4K views,7 months ago,/watch?v=_yNtUwnvHio,/watch?v=_yNtUwnvHio
Do this to get a 15+ LPA job right after BCA!! | BCA VS BTECH | Is BCA worth it in 2024?,2.1K views,7 months ago,/watch?v=w95555WsTMI,/watch?v=w95555WsTMI
Happening this Month at GeeksforGeeks Noida Center! | GfG Offline Classes,802 views,7 months ago,/watch?v=ZTvTaINuLGk,/watch?v=ZTvTaINuLGk
GeeksforGeeks Full Stack LIVE Classes | With Projects | Learn Full Stack Development in 14 Weeks,209K views,7 months ago,/watch?v=G5lsLsK9evc,/watch?v=G5lsLsK9evc
Do this to crack Placements in just 30 days | *Free Resources*,25K views,7 months ago,/watch?v=zicelfDj-i8,/watch?v=zicelfDj-i8
üí∏ How to become a Graphic Designer in 2024? | Complete Graphic Designer Roadmap,898 views,7 months ago,/watch?v=GF2CQAP4Va0,/watch?v=GF2CQAP4Va0
DYNAMIC PROGRAMMING PRACTICE PROBLEM | DSA Course | GeeksforGeeks,1.4K views,7 months ago,/watch?v=5Bfjt3oY564,/watch?v=5Bfjt3oY564
Can these College students win 6000rs by answering easy coding questions?| GeeksforGeeks¬†Premium,1.8K views,7 months ago,/watch?v=JtLJyMeHxLk,/watch?v=JtLJyMeHxLk
Create a 3D AI Website using Three.js | Frontend Projects | GeeksforGeeks,5.1K views,7 months ago,/watch?v=rq67tD6OYXc,/watch?v=rq67tD6OYXc
React Native VS Flutter | I analysed the app development market for both,3.3K views,7 months ago,/watch?v=2keMefdv9s4&pp=0gcJCb8Ag7Wk3p_U,/watch?v=2keMefdv9s4&pp=0gcJCb8Ag7Wk3p_U
Quick Sort: Auxiliary Space Explained in 8 Minutes! | Lecture - 25 | GeeksforGeeks,799 views,7 months ago,/watch?v=47dzZ_58vIw,/watch?v=47dzZ_58vIw
Learn QUICK SORT ANALYSIS in 10 MINUTES | Lecture - 24 | GeeksforGeeks,852 views,7 months ago,/watch?v=8VYD2q8dDFU&pp=0gcJCb8Ag7Wk3p_U,/watch?v=8VYD2q8dDFU&pp=0gcJCb8Ag7Wk3p_U
Top Interview Tips for Fresh Graduates in 2024 | GeeksforGeeks,3.2K views,7 months ago,/watch?v=aoBD3t-bFLo,/watch?v=aoBD3t-bFLo
GeeksforGeeks Classroom Program | Noida | Pune | Bengaluru,1.4K views,7 months ago,/watch?v=zPHy8Ruso5k,/watch?v=zPHy8Ruso5k
Is Engineering (B.Tech) Worth it in 2024? | Harsh Reality,1.7K views,8 months ago,/watch?v=Qt1xh3R_1_Y,/watch?v=Qt1xh3R_1_Y
Hoare Partition Quick Sort - PART II | Sorting Playlist | Lecture - 23 | GeeksforGeeks,763 views,8 months ago,/watch?v=pNDNomHBDZk,/watch?v=pNDNomHBDZk
Why you will never become a Programmer? | Placements | Honest reality | GfG,5.2K views,8 months ago,/watch?v=pM1sSCio0WE,/watch?v=pM1sSCio0WE
Learn Lomuto Partition in Quick Sort | Lecture - 22 | GeeksforGeeks,1.1K views,8 months ago,/watch?v=R-LMKBKPTok,/watch?v=R-LMKBKPTok
How I would learn Data Engineering in 2024 (If I could start over) | Complete Roadmap |,1.9K views,8 months ago,/watch?v=XTbyBW8Yh9U,/watch?v=XTbyBW8Yh9U
Introduction to Quick Sort | Sorting Playlist | Lecture - 21 | GeeksforGeeks,2K views,8 months ago,/watch?v=SN8jC7Nb-Os,/watch?v=SN8jC7Nb-Os
Big Companies vs Startups | Which one should you choose in 2024? | Startups | MNC'S,1K views,8 months ago,/watch?v=gkCKp0BgAy4,/watch?v=gkCKp0BgAy4
Hoare Partition Quick Sort | Lecture - 20 | GeeksforGeeks,4.3K views,8 months ago,/watch?v=NsY5UI0RZfE&pp=0gcJCb8Ag7Wk3p_U,/watch?v=NsY5UI0RZfE&pp=0gcJCb8Ag7Wk3p_U
GATE vs Placementsüßë‚Äçüíª| Which one to choose after¬†graduation? ü§î | GATE | Engineering | GFG,1.6K views,8 months ago,/watch?v=N42PuoXkjgA,/watch?v=N42PuoXkjgA
Futuristic Marvel Technologies that will blow your mind¬†| Marvel | Metaverse | GFG,708 views,8 months ago,/watch?v=1C5qpMkfeNw&pp=0gcJCb8Ag7Wk3p_U,/watch?v=1C5qpMkfeNw&pp=0gcJCb8Ag7Wk3p_U
Learn Lomuto Partition | Lecture - 19 | GeeksforGeeks,2.8K views,8 months ago,/watch?v=xew1z47P6OM,/watch?v=xew1z47P6OM
What is Dynamic Programming? |  Data Structures & Algorithms | GeeksforGeeks,1.2K views,8 months ago,/watch?v=ad6UqyoZ9Hk,/watch?v=ad6UqyoZ9Hk
Top 7 questions asked in Microsoft interviewsüòé | Microsoft | Interview Questions | Career Tips | GFG,3.6K views,8 months ago,/watch?v=nZwVi7Affvc,/watch?v=nZwVi7Affvc
Learn Quick Sort (Naive Partition) in 5 Minutes | Sorting Playlist | Lecture -18 | GeeksforGeeks,1.1K views,8 months ago,/watch?v=kq3d0P6WxBo,/watch?v=kq3d0P6WxBo
Python vs Java | Which one you should choose¬†in¬†2024? | Python | Java | Machine Learning | GFG,7.6K views,8 months ago,/watch?v=5IS1qwgUtPQ,/watch?v=5IS1qwgUtPQ
Count Inversion in Array | Lecture 17 | GeeksforGeeks,3.3K views,8 months ago,/watch?v=r0iq9vfZ6bA,/watch?v=r0iq9vfZ6bA
Why so many CEOs are from India? |¬†Decoded | Google | Microsoft | Adobe | GFG,1.2K views,8 months ago,/watch?v=TpeDtIwGJeA,/watch?v=TpeDtIwGJeA
Learn Union Sort in 10 Minutes | Sorting Playlist | GeeksforGeeks,1K views,8 months ago,/watch?v=CfAGM0kQsGU&pp=0gcJCb8Ag7Wk3p_U,/watch?v=CfAGM0kQsGU&pp=0gcJCb8Ag7Wk3p_U
Intersection of Two Merge Sort Array | Free Tutorial | Lecture - 15 | GeeksforGeeks,777 views,8 months ago,/watch?v=dr5DHXTk7zc,/watch?v=dr5DHXTk7zc
Should you pursue Data Science in 2024? | Complete¬†Roadmap | 50 LPA+ jobs | Data Science | GFG,1.5K views,8 months ago,/watch?v=TY1VeJSRk9I,/watch?v=TY1VeJSRk9I
Learn Merge Sort Analysis with @SandeepJainGfG  | GeeksforGeeks,603 views,8 months ago,/watch?v=Pb0L79nkdK0,/watch?v=Pb0L79nkdK0
Merge Sorting Algorithm with @SandeepJainGfG | Lecture 13 | GeeksforGeeks,1.3K views,8 months ago,/watch?v=ehvHKzU5Pcg,/watch?v=ehvHKzU5Pcg
Upto 50 lpa+ Package ü´® | From Zero to DevOps Engineer - DevOps Roadmap 2024  | What¬†is¬†Devops? ü§î,1K views,8 months ago,/watch?v=S462Dnvlkz4,/watch?v=S462Dnvlkz4
Learn Merge Function of Merge Sort | Lecture 12 | GeeksforGeeks,774 views,8 months ago,/watch?v=uvabUx1T-Lw,/watch?v=uvabUx1T-Lw
How to Merge two SORTED ARRAYS with @SandeepJainGfG  | GeeksforGeeks,1.2K views,8 months ago,/watch?v=pUw1Id6zNTE,/watch?v=pUw1Id6zNTE
Whooping Salaries of CyberHub Gurgaon Employees and their Office Crushes| StreetStyle |CyberHub |GFG,1.8K views,9 months ago,/watch?v=HWnw7VdeVZ4,/watch?v=HWnw7VdeVZ4
Learn Merge Sort in 2 minutes | Episode - 10 | @SandeepJainGfG | Geeksforgeeks,975 views,9 months ago,/watch?v=EN8VDyLzs2s,/watch?v=EN8VDyLzs2s
Learn INSERTION SORT in 10 minutes | @SandeepJainGfG | Episode- 9 | GeeksforGeeks,1K views,9 months ago,/watch?v=bJ_Q23Wlj_Q&pp=0gcJCb8Ag7Wk3p_U,/watch?v=bJ_Q23Wlj_Q&pp=0gcJCb8Ag7Wk3p_U
Become Zero to Hero in Digital MarketingüòÆ | Learn the Why's and How's of Digital Marketing | GFG,972 views,9 months ago,/watch?v=073j2jj7jbg,/watch?v=073j2jj7jbg
Learn Selection Sort Algorithm | @SandeepJainGfG | Episode - 8 |  GeeksforGeeks,2.1K views,9 months ago,/watch?v=WYVKZ4Mla5c,/watch?v=WYVKZ4Mla5c
Learn Bubble Sort in 12 minutes | @SandeepJainGfG | Lecture 7 | GeeksforGeeks,1.5K views,9 months ago,/watch?v=dMonTS71mEY,/watch?v=dMonTS71mEY
Lecture-6 Learn Stability in SORTING - Beginners to Advance | GeeksforGeeks,1.2K views,9 months ago,/watch?v=voH3da1RvbA,/watch?v=voH3da1RvbA
GeeksforGeeks Classroom Program | Delhi/NCR | Pune | Bengaluru | Offline Coding Classes Near You!,2.6M views,9 months ago,/watch?v=-R64PWJPf2k,/watch?v=-R64PWJPf2k
Lecture-5 Mastering Sorting Algorithms with Java: From Collections.sort to Custom Comparators,1.2K views,9 months ago,/watch?v=VSy4TN2jyzE,/watch?v=VSy4TN2jyzE
Lecture-4  Arrays.sort() in Java Explained |  Primitive vs. Non-Primitive | GeeksforGeeks,1.3K views,9 months ago,/watch?v=6mwz4JQ6Z50&pp=0gcJCb8Ag7Wk3p_U,/watch?v=6mwz4JQ6Z50&pp=0gcJCb8Ag7Wk3p_U
"Lecture-3 Java Sorting Explained: Arrays vs. Collections, Stability, and Algorithms | GeeksforGeeks",1.7K views,9 months ago,/watch?v=mUX5IfNwhjg,/watch?v=mUX5IfNwhjg
Lecture- 2 Mastering Sorting in C++: STL 'sort' Function Explained | GeeksforGeeks,1.8K views,9 months ago,/watch?v=tmESfVUaTog,/watch?v=tmESfVUaTog
7 Game-Changing Productivity Tools You Need to Try! üöÄ | Maximize Your Efficiency | GFG,1.6K views,9 months ago,/watch?v=gH-7ezHeuEo,/watch?v=gH-7ezHeuEo
Lecture -1 Introduction to Sorting Algorithms - Overview & Special Cases| GeeksforGeeks,8.3K views,9 months ago,/watch?v=cqBW7BgN7Zs,/watch?v=cqBW7BgN7Zs
Get 40LPA+ Jobs - Top MERN Stack Interview Questions 2024 üßë‚Äçüíª| MongoDB |ReactJS | ExpressJS |NodeJS,2.8K views,9 months ago,/watch?v=EhjCmg7qiTk&pp=0gcJCb8Ag7Wk3p_U,/watch?v=EhjCmg7qiTk&pp=0gcJCb8Ag7Wk3p_U
All about Product Management Roles üßë‚Äçüíª  | Skills and Resources Explained |#noncodingjobs #prodman,3.9K views,9 months ago,/watch?v=Jk2g9Drr1rI,/watch?v=Jk2g9Drr1rI
How to Create a Job-Winning Resume: A Complete Guide ü´® | Resume Making | Career Tips | GFG,1.6K views,10 months ago,/watch?v=ZEGi4IXY2ho,/watch?v=ZEGi4IXY2ho
"Upto 40 LPA Jobs from Personal Branding üí∏ | Linkedin, Youtube, Twitter, Freelancing üöÄ | GFG",1.7K views,10 months ago,/watch?v=W15T5GRf238&pp=0gcJCb8Ag7Wk3p_U,/watch?v=W15T5GRf238&pp=0gcJCb8Ag7Wk3p_U
9 High Paying Jobs AI Can't Replace üí∏üí° High Demand Jobs 2024 | Geeks for Geeks,1.9K views,10 months ago,/watch?v=mPNpCXHjdkw,/watch?v=mPNpCXHjdkw
"Upto 20 LPA Jobs For Freshers With These Top 7 Skills | Salary, Scope, Roles & Responsibility etc.",1.6K views,10 months ago,/watch?v=Q6QXk-rrW0M,/watch?v=Q6QXk-rrW0M
10-12 LPA JOBS for Freshers | Applications Closing Soon! Tech + Non Tech Roles | Job Vacancy 2024,3.2K views,10 months ago,/watch?v=G_LoL_bBcQE,/watch?v=G_LoL_bBcQE
BUILD YOUR OWN UI/UX WEBSITE USING React.js | MERN Projects | GeeksforGeeks,6.6K views,10 months ago,/watch?v=uZ9JiGzq3mM,/watch?v=uZ9JiGzq3mM
"Get DREAM JOB with these NETWORKING TIPS! üí∏üí°LinkedIn, Referrals, Cold Messaging, Networking Events",1.4K views,10 months ago,/watch?v=zPqMnLhkfp4,/watch?v=zPqMnLhkfp4
RECURSION PRACTICE PROBLEM | Recursive Algorithm | DSA Course | GeeksforGeeks,1.3K views,10 months ago,/watch?v=Hpf6mr-7_5k,/watch?v=Hpf6mr-7_5k
"Best Startup Ideas in College 2024 üí∏üöÄ| Earn Better than Placement? ü§ë | Guide, Ideas, Funding etc",1.6K views,10 months ago,/watch?v=G_gowXgOFRA,/watch?v=G_gowXgOFRA
Get 20LPA+ Jobs with these 5 Unique Project Ideasüí°| Projects for Internships and Placements,3.6K views,10 months ago,/watch?v=5mw5IzWTFs0,/watch?v=5mw5IzWTFs0
"Hate Coding? Upto 44 LPA Non Tech Jobs in 2024 üí∏ | Skills, Role and Salary Expected.",2.9K views,10 months ago,/watch?v=DMhSsL3-SLk,/watch?v=DMhSsL3-SLk
Asking Coding Questions to Students Worth 20k Prices ü•≥ü§ë| Kaun Banega Codepati ? üí∏,1.3K views,10 months ago,/watch?v=a5C5lCGTIrs,/watch?v=a5C5lCGTIrs
"Data Analyst vs Data Scientist vs Data Engineer | Differences, Skills, Salary & Responsibilities üí∏",7.9K views,11 months ago,/watch?v=EHmXVwjtgPs,/watch?v=EHmXVwjtgPs
Top 8 Remote Jobs Websites For Freshers üöÄ |  Earn in Dollars | How to Get Remote Jobs in 2024?,3.1K views,11 months ago,/watch?v=OIsIZ1w7aTU,/watch?v=OIsIZ1w7aTU
5 GENUINE Ways to EARN 40K+ as Student üí∏üöÄ | Pay Your College Fees | Earn Online ‚úÖ,2.3K views,11 months ago,/watch?v=WEm6-g3dCBc,/watch?v=WEm6-g3dCBc
Image Classification using CNN | Machine Learning Projects | GeeksforGeeks,8.2K views,11 months ago,/watch?v=qm56XcRBXWc,/watch?v=qm56XcRBXWc
Does CGPA Matters in Placement? | Low CGPA? Tier 3? Eligibility? | IT Jobs & Companies for Low CGPA,5.8K views,11 months ago,/watch?v=mrap_vC0ZqU,/watch?v=mrap_vC0ZqU
15 LPA+ Fresher JOBS in Java üöÄ | BEST ROADMAP from Scratch | Geeks For Geeks,5.3K views,11 months ago,/watch?v=BWc2DeBaYuQ,/watch?v=BWc2DeBaYuQ
Top 10 Highest Paying Tech Jobs in India 2024 üí∏üöÄ | Geeks For Geeks,2.1K views,11 months ago,/watch?v=tGSmvrS_TJk,/watch?v=tGSmvrS_TJk
Build an Ecommerce Website Like ZARA using React.js | MERN Projects | GeeksforGeeks,29K views,11 months ago,/watch?v=jk2rhtBJ5S4,/watch?v=jk2rhtBJ5S4
How to Start Coding in 2024? üöÄ | Programming Language for Beginners | Geeks for Geeks,5.7K views,11 months ago,/watch?v=dAzVSu5zavU,/watch?v=dAzVSu5zavU
3 Reasons Students QUIT Coding | How to Code Consistently ? | GeeksforGeeks,1.8K views,11 months ago,/watch?v=oM0HOxae8_A,/watch?v=oM0HOxae8_A
Is coding worth it in 2024? üò• | AI better than coders? | Tech Layoffs & Recession,2.7K views,11 months ago,/watch?v=GD8xHjxnyK8,/watch?v=GD8xHjxnyK8
Build a Food Delivery Website using React.js | MERN Stack Projects | GeeksforGeeks,51K views,11 months ago,/watch?v=bd5DewlahnE,/watch?v=bd5DewlahnE
5 Ways to Prepare for Layoffs in 2024! | AI Tools | Upskilling | Side Hustles,1.6K views,11 months ago,/watch?v=XbG-Z0gxrjs,/watch?v=XbG-Z0gxrjs
"Get Hired From Linkedin in 2024 | Best Linkedin Profile Creation | Skills, Experiences & NetworkingüöÄ",3K views,11 months ago,/watch?v=2QbhA2mthy0,/watch?v=2QbhA2mthy0
High-Paying Tech Jobs Using AI | AI Tools for Coders | Geeks for Geeks,2.1K views,11 months ago,/watch?v=PekLwtZVi3k,/watch?v=PekLwtZVi3k
Web Dev vs App Dev in 2024? Which has more Salary ?ü§î | Career Scope & Skills | Geeks for Geeks,2K views,11 months ago,/watch?v=hRTRjWm-2pQ,/watch?v=hRTRjWm-2pQ
Build a Fitness Tracker Website using React JS |MERN Projects |GeeksforGeeks,66K views,11 months ago,/watch?v=HISjHTE2vnM,/watch?v=HISjHTE2vnM
Top 7 High Paying Tech Jobs in 2024 | Skills and Salary Expected | Geeks for Geeks,60K views,11 months ago,/watch?v=BS-y9ieR-mQ,/watch?v=BS-y9ieR-mQ
GATE AIR 21 Shares her secret to become a GATE Topper | GATE Topper Interview | GeeksforGeeks,5.8K views,11 months ago,/watch?v=M5tEUGFpCg0,/watch?v=M5tEUGFpCg0
5 Ways to Become Top 1% Coders in 2024 | Get Jobs in IT | Geeks for Geeks,1.9K views,11 months ago,/watch?v=OrNjShjUdow,/watch?v=OrNjShjUdow
Tips to ace your tech job search | Resume tips by expert from @indeedindiaofficial   | GeeksforGeeks,1.1K views,1 year ago,/watch?v=mh7En1ir_XM&pp=0gcJCb8Ag7Wk3p_U,/watch?v=mh7En1ir_XM&pp=0gcJCb8Ag7Wk3p_U
Three 90 Challenge Back with Benefits | GeeksforGeeks,58K views,1 year ago,/watch?v=-d-ZuuF8czQ,/watch?v=-d-ZuuF8czQ
7 JAVASCRIPT Concepts Every DEVELOPER Must Know! | GeeksforGeeks,1.1K views,1 year ago,/watch?v=YxRErpzCa7c,/watch?v=YxRErpzCa7c
MOVIE RECOMMENDATION SYSTEM Using Machine Learning | Machine Leaning Projects | GeeksforGeeks,9.9K views,1 year ago,/watch?v=kxT8AursXXw,/watch?v=kxT8AursXXw
MASTERING RECURSION | Recursive Algorithm | DSA Course | GeeksforGeeks,1.8K views,1 year ago,/watch?v=zwGcJ62lZ5g,/watch?v=zwGcJ62lZ5g
Is Software Engineering Dead ? - Meet Devin by Cognition Labs | GeeksforGeeks,1.6K views,1 year ago,/watch?v=i8w_2n1GH44,/watch?v=i8w_2n1GH44
7 BEST AI Tools for Developers in 2024 | GeeksforGeeks,1.8K views,1 year ago,/watch?v=mpIDwAT7m_0,/watch?v=mpIDwAT7m_0
3D PORTFOLIO WEBSITE using React and Three JS | GeeksforGeeks,74K views,1 year ago,/watch?v=udtb67DKyq0,/watch?v=udtb67DKyq0
FAKE NEWS DETECTION Using MACHINE LEARNING | Machine Learning Projects | GeeksforGeeks,27K views,1 year ago,/watch?v=CkiXRQvz4Z4,/watch?v=CkiXRQvz4Z4
HEART DISEASE DETECTION using MACHINE LEARNING | Machine Learning Projects | GeeksforGeeks,6.4K views,1 year ago,/watch?v=F_9gGyCs3YY,/watch?v=F_9gGyCs3YY
WHY LEARN PYTHON in 2024? | Benefits of Learning Python | GeeksforGeeks,1.9K views,1 year ago,/watch?v=AmU9Zi6TNrs,/watch?v=AmU9Zi6TNrs
Doctor Aaye #successsepareshan Rohan ko Dekhne...,395K views,1 year ago,/watch?v=zbBALFXGy4Y,/watch?v=zbBALFXGy4Y
ATS Friendly Resume for Placement in 2024!!! GeeksforGeeks,1.3K views,1 year ago,/watch?v=GF69ZVc1icg,/watch?v=GF69ZVc1icg
React JS Made Easy with ChatGPT | GeeksforGeeks,2.3K views,1 year ago,/watch?v=MSmDIkWEtoc,/watch?v=MSmDIkWEtoc
TREE PRACTICE PROBLEMS | Tree Traversal Algorithms | DSA Course | GeeksforGeeks,3.3K views,1 year ago,/watch?v=0lLmU-VqXzk,/watch?v=0lLmU-VqXzk
GATE CS 2024 ANSWER KEY OUT!! Detailed Paper Discussion - Shift 1 | GeeksforGeeks,1.8K views,1 year ago,/watch?v=9fTvjjI67Rk,/watch?v=9fTvjjI67Rk
GATE DS & AI 2024 Response Sheet Out | GATE DS & AI | Data Science GATE Response key | GeeksforGeeks,1.3K views,1 year ago,/watch?v=iFGoMXC4Cxo,/watch?v=iFGoMXC4Cxo
Kyun Hai Rohan #successsepareshan? | GeeksforGeeks,275K views,1 year ago,/watch?v=v41P3Y5Xol8,/watch?v=v41P3Y5Xol8
TREE DATA STRUCTURES | What is Tree? | DSA Course | GeeksforGeeks,7.5K views,1 year ago,/watch?v=AylOfzYJ2qE,/watch?v=AylOfzYJ2qE
Three 90 Challenge Extended | 100+ Refunds Processed! | GeeksforGeeks,33K views,1 year ago,/watch?v=FVCERWiQSDY,/watch?v=FVCERWiQSDY
TYPESCRIPT vs JAVASCRIPT | Which one to Choose? | GeeksforGeeks,1.6K views,1 year ago,/watch?v=BFf8n2RrKtM,/watch?v=BFf8n2RrKtM
Python's Map Function Explained with Examples | Python Tutorial |  GeeksforGeeks,1K views,1 year ago,/watch?v=L66_EOxzLKI&pp=0gcJCb8Ag7Wk3p_U,/watch?v=L66_EOxzLKI&pp=0gcJCb8Ag7Wk3p_U
Build your own AI image Generation App using MERN | MERN Stack Project | GeeksforGeeks,125K views,1 year ago,/watch?v=stcihX2eavw,/watch?v=stcihX2eavw
Strategies To Find A Job FAST! | Job Hunt Tips | How People Get Good Jobs | GeeksforGeeks,911 views,1 year ago,/watch?v=rFXVb2-Rj5k,/watch?v=rFXVb2-Rj5k
Make your Resume Strong with these DSA Projects | Best DSA Projects for your Resume | GeeksforGeeks,34K views,1 year ago,/watch?v=NjUteXHoOXk,/watch?v=NjUteXHoOXk
Top TECH TRENDS & CAREERS in 2024!!! GeeksforGeeks,854 views,1 year ago,/watch?v=FAluaVzy4VM,/watch?v=FAluaVzy4VM
GeeksforGeeks Bloopers!! The Making of Quality Content,943 views,1 year ago,/watch?v=zakV-wfdPYM,/watch?v=zakV-wfdPYM
APTITUDE & REASONING | GATE 2024 Ultimate Revision | PYQ and Sample Questions GATE,1.8K views,1 year ago,/watch?v=CaAjf_RE9ew,/watch?v=CaAjf_RE9ew
Meet The Youngest CTO Of India- Shivansh Saxena | GeeksforGeeks,3.9K views,1 year ago,/watch?v=5YlR3yZV9bE,/watch?v=5YlR3yZV9bE
Top 3 Things College Students FEAR!!,115K views,1 year ago,/watch?v=mOkFtGLA9q8,/watch?v=mOkFtGLA9q8
DATA SCIENCE PROJECTS Made Easy with COLAB AI | Generative AI | GeeksforGeeks,3K views,1 year ago,/watch?v=Gt5ZkoFrgyE&pp=0gcJCb8Ag7Wk3p_U,/watch?v=Gt5ZkoFrgyE&pp=0gcJCb8Ag7Wk3p_U
Top VS Code Extensions for Web Developer in 2024!! GeeksforGeeks,2.5K views,1 year ago,/watch?v=l-LJucxS8Mc,/watch?v=l-LJucxS8Mc
LINKED LIST PRACTICE QUESTIONS | Operations on Linked List | DSA Problems | GeeksforGeeks,4.8K views,1 year ago,/watch?v=TnV34Lfdk7k,/watch?v=TnV34Lfdk7k
Three 90 Challenge - Q&A with Sandeep Jain Sir | GeeksforGeeks #commitwithgfg,6.8K views,1 year ago,/watch?v=KyUbJ4aoIgQ,/watch?v=KyUbJ4aoIgQ
"Secrets to CONSISTENCY, COMMITMENT, and CAREER SUCCESS! #commitwithgfg",2.8K views,1 year ago,/watch?v=6jhkJoOnMCc,/watch?v=6jhkJoOnMCc
2024 Will be the YEAR for CODERS!! #commitwithgfg,1.4K views,1 year ago,/watch?v=Nozck3wIMCo,/watch?v=Nozck3wIMCo
WHAT IS LINKED LIST? | Linked List Data Structures | DSA Course | GeeksforGeeks,13K views,1 year ago,/watch?v=MCG7S2fGUeU,/watch?v=MCG7S2fGUeU
10 Best PROGRAMMING LANGUAGES to Learn in 2024 | GeeksforGeeks,3.6K views,1 year ago,/watch?v=ehXa1Hxxu3Y,/watch?v=ehXa1Hxxu3Y
5 BEST GITHUB REPOSITORIES Every DEVELOPER Must Know! | GeeksforGeeks,3.2K views,1 year ago,/watch?v=xvUopUeVS0U,/watch?v=xvUopUeVS0U
Ready to #commitwithgfg ?,27K views,1 year ago,/watch?v=lbveOrbHgto,/watch?v=lbveOrbHgto
How to Use GOOGLE COLAB | Google Colab Tutorials for Beginners | GeeksforGeeks,6.6K views,1 year ago,/watch?v=TqqkZLHoY0o,/watch?v=TqqkZLHoY0o
Journey from an SDE at PAYTM to MICROSOFT | Software Developer Experience | GeeksforGeeks,2K views,1 year ago,/watch?v=0mRyTDhxe_s,/watch?v=0mRyTDhxe_s
What is DEVOPS and DEPLOYMENT? | Importance and Role of DevOps in Web Development | GeeksforGeeks,1K views,1 year ago,/watch?v=NoxexEfck3g,/watch?v=NoxexEfck3g
GeeksforGeeks In a Review 2023 | GfG Rewind 2023,2.3K views,1 year ago,/watch?v=q_kEa8oBo2A,/watch?v=q_kEa8oBo2A
How to Implement PICTURE IN PICTURE (PIP) MODE in Flutter Apps | Flutter Projects | GeeksforGeeks,2.8K views,1 year ago,/watch?v=eBEdJCsqusI,/watch?v=eBEdJCsqusI
How to Integrate RAZORPAY PAYMENT GATEWAY in your Flutter App | Flutter Projects | GeeksforGeeks,17K views,1 year ago,/watch?v=1XFGgHunNrk,/watch?v=1XFGgHunNrk
Career in DATA ANALYTICS | Insights from a DATA ANALYST at AMERICAN EXPRESS | GeeksforGeeks,6.3K views,1 year ago,/watch?v=1zHWzyI7TC0,/watch?v=1zHWzyI7TC0
All About WEB SECURITY | Web Security for Full Stack Developers | GeeksforGeeks,1.2K views,1 year ago,/watch?v=578Pzg7tVF4,/watch?v=578Pzg7tVF4
What is VERSION CONTROL and GIT? Web Development Explained | GeeksforGeeks,9.5K views,1 year ago,/watch?v=jxbGBOo4GDs,/watch?v=jxbGBOo4GDs
Build Your Own GUI CALENDAR with Tkinter in Python | Python Projects | GeeksforGeeks,3.8K views,1 year ago,/watch?v=W2S8NnlJtgk,/watch?v=W2S8NnlJtgk
Implementing Simple and Custom ALERT DIALOG BOX in Flutter Apps | Flutter Projects | GeeksforGeeks,2.5K views,1 year ago,/watch?v=b6iw6dLQ7AU&pp=0gcJCb8Ag7Wk3p_U,/watch?v=b6iw6dLQ7AU&pp=0gcJCb8Ag7Wk3p_U
How to EXTRACT AUDIO from VIDEO using Python | Python Projects | GeeksforGeeks,6.1K views,1 year ago,/watch?v=SrPi0FrmGiE,/watch?v=SrPi0FrmGiE
How to Create LANGUAGE TRANSLATOR Application in Flutter | Flutter Projects | GeeksforGeeks,13K views,1 year ago,/watch?v=CeupjFXlFiQ,/watch?v=CeupjFXlFiQ
üç∑ WINE QUALITY PREDICTION using RANDOM FOREST Algorithm | Machine Learning Projects | GeeksforGeeks,3.8K views,1 year ago,/watch?v=MyllYgc-kh8,/watch?v=MyllYgc-kh8
Create a QR CODE SCANNER and GENERATOR Application using Flutter | Flutter Projects | GeeksforGeeks,51K views,1 year ago,/watch?v=hm5JfFhiXL8,/watch?v=hm5JfFhiXL8
Create AI DESKTOP VIRTUAL ASSISTANT using Python and Tkinter | Python Projects | GeeksforGeeks,26K views,1 year ago,/watch?v=tZl1_AcC7Dw,/watch?v=tZl1_AcC7Dw
Graph Practice Problems | Graph Data Structure | DSA Course | GeeksforGeeks,10K views,1 year ago,/watch?v=pCmsQVHYXK0&pp=0gcJCb8Ag7Wk3p_U,/watch?v=pCmsQVHYXK0&pp=0gcJCb8Ag7Wk3p_U
Face Detection using Python and OpenCV with webcam | Python Projects | GeeksforGeeks,17K views,1 year ago,/watch?v=129exLkKeks,/watch?v=129exLkKeks
Plagiarism Detection using Python | Python Projects | GeeksforGeeks,11K views,1 year ago,/watch?v=QFQItyHsxZY,/watch?v=QFQItyHsxZY
Weapon Detection Using Python-OpenCV | Python Projects | GeeksforGeeks,40K views,1 year ago,/watch?v=xlcNMlyN34g,/watch?v=xlcNMlyN34g
TITANIC SURVIVAL PREDICTION using TensorFlow | Machine Learning Projects | GeeksforGeeks,3.7K views,1 year ago,/watch?v=cRYSIR6LaNQ,/watch?v=cRYSIR6LaNQ
What is BACKEND DEVELOPMENT? | Explained in 60 seconds | Full Stack Concepts | GeeksforGeeks,2.3K views,1 year ago,/watch?v=C2u6_wOYlPc,/watch?v=C2u6_wOYlPc
STOCK PRICE PREDICTION using Machine Learningüìà | Machine Learning Projects | GeeksforGeeks,51K views,1 year ago,/watch?v=tn07dCSFOfQ,/watch?v=tn07dCSFOfQ
What is FRONTEND DEVELOPMENT? | Explained in 60 seconds | Full Stack Concepts | GeeksforGeeks,2.2K views,1 year ago,/watch?v=IiM10iV_Zug,/watch?v=IiM10iV_Zug
Air Quality Index Prediction in Python | Machine Learning Projects | GeeksforGeeks,26K views,1 year ago,/watch?v=0myaZxl4XWw,/watch?v=0myaZxl4XWw
TWITTER SENTIMENT ANALYSIS (NLP) | Machine Learning Projects | GeeksforGeeks,147K views,1 year ago,/watch?v=4YGkfAd2iXM,/watch?v=4YGkfAd2iXM
Diabetes Prediction in Machine Learning using Python | Machine Learning Projects | GeeksforGeeks,23K views,1 year ago,/watch?v=AxYgzie4x2E,/watch?v=AxYgzie4x2E
Stack Practice Question | Parenthesis Checker | Learn DSA Concepts | GeeksforGeeks,5.5K views,1 year ago,/watch?v=2ay2GCrmf9E,/watch?v=2ay2GCrmf9E
"Build a Stopwatch using HTML, CSS, and JS | GeeksforGeeks",1.5K views,1 year ago,/watch?v=DR5tJWig0AQ&pp=0gcJCb8Ag7Wk3p_U,/watch?v=DR5tJWig0AQ&pp=0gcJCb8Ag7Wk3p_U
WHAT IS STACK? | Stack Data Structures | DSA Course | GeeksforGeeks,11K views,1 year ago,/watch?v=lhhyE7NVcbg,/watch?v=lhhyE7NVcbg
Meet A Data Scientist with 5 Years+ Experience | Ft.Tavishi Jaglan | GeeksforGeeks,2.5K views,1 year ago,/watch?v=4_u-xcfqpcA,/watch?v=4_u-xcfqpcA
Master Data Science Concepts: Apache Kafka in 60 Seconds | Data Science Crash Course | GeeksforGeeks,1.2K views,1 year ago,/watch?v=Li0wAG3hORQ,/watch?v=Li0wAG3hORQ
Master Data Science Concepts: Apache Flume in 60 Seconds | Data Science Crash Course | GeeksforGeeks,835 views,1 year ago,/watch?v=bdjQI-OBGk8,/watch?v=bdjQI-OBGk8
Master Data Science Concepts: Data Bricks in 60 Seconds | Data Science Crash Course | GeeksforGeeks,1K views,1 year ago,/watch?v=d1Pn06Rc9QE&pp=0gcJCb8Ag7Wk3p_U,/watch?v=d1Pn06Rc9QE&pp=0gcJCb8Ag7Wk3p_U
Master Data Science Concepts: Apache Beam in 60 Seconds | Data Science Crash Course | GeeksforGeeks,1.1K views,1 year ago,/watch?v=PjSA0Ru7_rI,/watch?v=PjSA0Ru7_rI
Master Data Science Concepts: Data Lake in 60 Seconds | Data Science Crash Course | GeeksforGeeks,2.6K views,1 year ago,/watch?v=KGD-T3bhFEA,/watch?v=KGD-T3bhFEA
Choosing the Right Cloud Provider | AWS vs Azure vs GCP | GeeksforGeeks,8.9K views,1 year ago,/watch?v=YbPnhezNaUE,/watch?v=YbPnhezNaUE
A Journey from NOKIA to PAYPAL | Ft. Palak Awasthi | GeeksforGeeks,3.3K views,1 year ago,/watch?v=6UUTPA0l748,/watch?v=6UUTPA0l748
Make Best Team For ICC Cricket World 2023 | Practice Problem | GeeksforGeeks,484 views,1 year ago,/watch?v=ItY3minkI3o,/watch?v=ItY3minkI3o
Interview Strategies for Freshers | GeeksforGeeks,5.9K views,1 year ago,/watch?v=tmg6d3T_T6Q,/watch?v=tmg6d3T_T6Q
